1133579.74366535,637934043872157824,3186.651488
1133579.84372465,637934043872158080,3186.752128
1133580.25560775,637934043872158208,3187.16336
1133580.37988725,637934043872158208,3187.288128
1133580.59570555,637934043874263424,3187.503776
1133580.71464345,637934043875453184,3187.622784
1133580.84053515,637934043876712064,3187.748384
1133580.94064955,637934043877713792,3187.848672
1133581.03968755,637934043878704128,3187.947648
1133581.12577585,637934043879565440,3188.03392
1133581.36069095,637934043881914240,3188.26896
1133581.44479925,637934043882755584,3188.352544
1133581.55170395,637934043883824896,3188.459744
1133581.63893135,637934043884697344,3188.54672
1133581.70171495,637934043885324928,3188.609632
1133581.79864775,637934043886294400,3188.706944
1133581.90768665,637934043887385088,3188.815968
1133582.00675655,637934043888376192,3188.91504
1133582.11972765,637934043889505920,3189.028384
1133582.24563375,637934043890764800,3189.154272
1133582.38866605,637934043892195584,3189.297344
1133582.49566745,637934043893265408,3189.40368
1133582.58666905,637934043894175872,3189.494432
1133582.68566295,637934043895165568,3189.593952
1133582.76666175,637934043895976576,3189.6744
1133582.86470545,637934043896956288,3189.772608
1133582.98870915,637934043898196864,3189.897056
1133583.10658165,637934043899375872,3190.01488
1133583.16661285,637934043899976448,3190.074944
1133583.20766635,637934043900386432,3190.115744
1133583.29162085,637934043901226240,3190.19968
1133583.31956485,637934043901505536,3190.22784
1133583.43149225,637934043902625152,3190.33968
1133583.53860505,637934043903696768,3190.447008
1133583.56566715,637934043903967104,3190.473856
1133583.67058715,637934043905016320,3190.579232
1133583.81844465,637934043906494720,3190.724992
1133583.90159435,637934043907326848,3190.809696
1133583.92347875,637934043907545216,3190.831776
1133584.02754005,637934043908586368,3190.935616
1133584.08168655,637934043909127808,3190.989568
1133584.15956615,637934043909906816,3191.068192
1133584.19365095,637934043910247680,3191.101856
1133584.31696115,637934043911481216,3191.224512
1133584.34663785,637934043911777536,3191.25536
1133584.42453515,637934043912556928,3191.332896
1133584.45152755,637934043912826752,3191.36
1133584.54459205,637934043913757568,3191.453024
1133584.56852815,637934043913996800,3191.476736
1133584.67665505,637934043915079168,3191.584608
1133584.72262085,637934043915538560,3191.631456
1133584.83449965,637934043916657280,3191.742496
1133584.87560705,637934043917068288,3191.784032
1133584.96450005,637934043917956992,3191.873088
1133584.98862135,637934043918199296,3191.896736
1133585.08866555,637934043919199104,3191.9968
1133585.12555695,637934043919567872,3192.033504
1133585.23259815,637934043920638976,3192.141248
1133585.34958315,637934043921808384,3192.257664
1133585.43443415,637934043922657024,3192.34304
1133585.51349835,637934043923447552,3192.4216
1133585.63856015,637934043924698624,3192.54688
1133585.68745405,637934043925187456,3192.59584
1133585.80350545,637934043926348032,3192.711552
1133585.85543555,637934043926867712,3192.764352
1133585.96553565,637934043927969024,3192.873696
1133586.05857245,637934043928899584,3192.967424
1133586.14847775,637934043929798272,3193.056864
1133586.24240905,637934043930737664,3193.150624
1133586.34856365,637934043931800064,3193.256896
1133586.38958405,637934043932209536,3193.298496
1133586.50651365,637934043933379200,3193.41456
1133586.55446585,637934043933858816,3193.462784
1133586.63948105,637934043934709120,3193.547744
1133586.75655185,637934043935880064,3193.66496
1133586.81661055,637934043936480640,3193.72464
1133586.88653215,637934043937180032,3193.794848
1133586.97443665,637934043938059008,3193.882528
1133587.02953025,637934043938610048,3193.938048
1133587.14960805,637934043939810944,3194.058368
1133587.19550195,637934043940270592,3194.10416
1133587.31347795,637934043941449600,3194.222112
1133587.37046255,637934043942019840,3194.279264
1133587.49354275,637934043943250816,3194.402208
1133587.56349795,637934043943950336,3194.471904
1133587.66241425,637934043944939776,3194.571008
1133587.75844825,637934043945900160,3194.66704
1133587.85537615,637934043946869248,3194.763776
1133588.04446595,637934043948760448,3194.953216
1133588.16048745,637934043949921152,3195.06848
1133588.26550515,637934043950971776,3195.174336
1133588.36549665,637934043951971712,3195.274144
1133588.45644195,637934043952881408,3195.36464
1133588.54242555,637934043953740800,3195.45088
1133588.63746205,637934043954691456,3195.545568
1133588.72339395,637934043955550592,3195.631776
1133588.84143845,637934043956731392,3195.7496
1133588.92843975,637934043957601664,3195.836608
1133589.23643045,637934043960681728,3196.145216
1133589.36448805,637934043961962624,3196.273344
1133590.0744088,637934043969062144,3196.98288
1133590.1865086,637934043970183936,3197.094496
1133590.4334746,637934043972653952,3197.341984
1133590.5473746,637934043973792512,3197.455776
1133590.8244463,637934043976563584,3197.732736
1133590.925432,637934043977574400,3197.833664
1133591.1303375,637934043979623040,3198.038944
1133591.2613941,637934043980933632,3198.169568
1133591.386345,637934043982183680,3198.29456
1133591.4983509,637934043983303552,3198.407104
1133591.6203849,637934043984524032,3198.52864
1133591.7385116,637934043985705472,3198.647296
1133591.8564575,637934043986885248,3198.765088
1133591.9703031,637934043988023424,3198.879072
1133592.2244636,637934043990565888,3199.133056
1133592.332464,637934043991646080,3199.240768
1133592.5663802,637934043993985536,3199.475008
1133592.6794262,637934043995116288,3199.587552
1133592.8113829,637934043996435840,3199.71952
1133592.9143234,637934043997465472,3199.82272
1133593.045269,637934043998774528,3199.953888
1133593.1423022,637934043999745152,3200.050496
1133593.346342,637934044001785728,3200.255392
1133593.4563903,637934044002886656,3200.364544
1133593.764438,637934044005968000,3200.673184
1133593.8783342,637934044007106176,3200.786624
1133594.0111906,637934044008434944,3200.920256
1133594.1323724,637934044009647488,3201.040928
1133594.4043158,637934044012366720,3201.313056
1133594.5243363,637934044013567360,3201.432768
1133594.7572803,637934044015896704,3201.6664
1133594.8773485,637934044017098496,3201.785632
1133595.0393277,637934044018717952,3201.948128
1133595.1902336,637934044020227200,3202.098688
1133595.321251,637934044021537536,3202.229536
1133595.3752858,637934044022077824,3202.284
1133595.4992347,637934044023317248,3202.407936
1133595.5942111,637934044024267264,3202.503168
1133595.7083922,637934044025409152,3202.617376
1133595.7963107,637934044026288384,3202.704928
1133595.8862295,637934044027187968,3202.79504
1133596.0082484,637934044028408448,3202.916416
1133596.0983665,637934044029309568,3203.00736
1133596.1793376,637934044030119424,3203.088224
1133596.2622724,637934044030949248,3203.171072
1133596.3422126,637934044031748096,3203.251168
1133596.4184488,637934044032510848,3203.326912
1133596.5113216,637934044033439744,3203.419616
1133596.6243288,637934044034569856,3203.533184
1133596.7341992,637934044035668608,3203.64336
1133596.7633036,637934044035959808,3203.672032
1133596.8502435,637934044036829440,3203.758464
1133596.9432025,637934044037759104,3203.852288
1133597.0402793,637934044038730752,3203.948672
1133597.1172999,637934044039500288,3204.026336
1133597.218307,637934044040510464,3204.126816
1133597.298219,637934044041309440,3204.20688
1133597.3973441,637934044042302336,3204.306112
1133597.4792593,637934044043120128,3204.38784
1133597.5802629,637934044044130048,3204.488896
1133597.6512946,637934044044841728,3204.559648
1133597.7612756,637934044045941376,3204.670176
1133597.8771848,637934044047099648,3204.786368
1133597.9681815,637934044048009984,3204.876416
1133598.0601846,637934044048929920,3204.968576
1133598.1712639,637934044050041216,3205.08032
1133598.2132678,637934044050461312,3205.1216
1133598.3543662,637934044051872512,3205.262624
1133598.4141483,637934044052470272,3205.32304
1133598.525133,637934044053580160,3205.433696
1133598.5942055,637934044054271104,3205.503104
1133598.6962024,637934044055291136,3205.605024
1133598.7822543,637934044056152320,3205.691008
1133598.8812752,637934044057142784,3205.789856
1133598.8921048,637934044057250560,3205.8008
1133598.9972318,637934044058301824,3205.905728
1133599.0372365,637934044058702080,3205.945504
1133599.1352091,637934044059681664,3206.043904
1133599.23525,637934044060682624,3206.144064
1133599.3222706,637934044061552640,3206.230848
1133599.4222216,637934044062552448,3206.331008
1133599.5131218,637934044063460992,3206.42192
1133599.5991418,637934044064321664,3206.508256
1133599.6992055,637934044065322368,3206.608032
1133599.8360501,637934044066691072,3206.744416
1133599.963191,637934044067963136,3206.871776
1133600.0920727,637934044069251328,3207.001184
1133600.2241008,637934044070571904,3207.132384
1133600.3611754,637934044071942784,3207.269664
1133600.5031712,637934044073363200,3207.411616
1133600.5982538,637934044074314752,3207.50688
1133600.7371499,637934044075702912,3207.645952
1133601.0890951,637934044079223040,3207.998016
1133601.2141912,637934044080474240,3208.122784
1133601.6721291,637934044085053824,3208.580448
1133601.7881869,637934044086214912,3208.697056
1133602.0380519,637934044088713856,3208.947296
1133602.1800705,637934044090133888,3209.08848
1133602.4042062,637934044092375936,3209.312928
1133602.5541505,637934044093875584,3209.463168
1133602.74321175,637934044095766400,3209.652192
1133602.87010235,637934044097035648,3209.778496
1133603.01910065,637934044098525952,3209.927968
1133603.11869415,637934044099521792,3210.02656
1133603.26906895,637934044101026304,3210.177632
1133603.36811825,637934044102016384,3210.27728
1133603.56016815,637934044103937152,3210.468736
1133603.66012625,637934044104937600,3210.569312
1133603.87199415,637934044107056000,3210.781248
1133603.95507555,637934044107886848,3210.86368
1133604.29903275,637934044111326848,3211.207616
1133604.43200755,637934044112656512,3211.341408
1133604.66799915,637934044115016576,3211.576576
1133604.77004905,637934044116037504,3211.679328
1133604.93511755,637934044117688192,3211.844352
1133605.00191305,637934044118356224,3211.910592
1133605.10403465,637934044119377920,3212.012768
1133605.20818255,637934044120419200,3212.11744
1133605.27210005,637934044121058688,3212.181248
1133605.38402535,637934044122177792,3212.293376
1133605.42606135,637934044122598784,3212.335136
1133605.51701795,637934044123508096,3212.426016
1133605.61495235,637934044124487552,3212.523616
1133605.70294895,637934044125367552,3212.611648
1133605.73496125,637934044125687808,3212.644224
1133605.81497285,637934044126488064,3212.723808
1133605.85494325,637934044126887680,3212.764128
1133605.94510165,637934044127789824,3212.854112
1133606.03501535,637934044128688768,3212.94432
1133606.15694195,637934044129907840,3213.06608
1133606.16907315,637934044130029568,3213.077952
1133606.27098155,637934044131048576,3213.179872
1133606.32300305,637934044131569664,3213.232192
1133606.40798885,637934044132418816,3213.316992
1133606.44593425,637934044132798208,3213.354592
1133606.52998235,637934044133639040,3213.438752
1133606.56805535,637934044134019840,3213.476832
1133606.65195895,637934044134858752,3213.560864
1133606.70297865,637934044135369344,3213.611488
1133606.78798685,637934044136219136,3213.69728
1133606.80772105,637934044136417152,3213.715968
1133606.93092995,637934044137649024,3213.840256
1133606.94497375,637934044137789440,3213.85376
1133607.02691915,637934044138608768,3213.935968
1133607.13091235,637934044139649280,3214.040352
1133607.21992275,637934044140539264,3214.12912
1133607.67091585,637934044145049600,3214.579616
1133607.73598875,637934044145700736,3214.645024
1133607.92692085,637934044147610624,3214.835616
1133607.97096925,637934044148050688,3214.879904
1133608.18685685,637934044150209408,3215.095456
1133608.27506125,637934044151091840,3215.183424
1133608.51095635,637934044153451136,3215.420224
1133608.61701985,637934044154511616,3215.525792
1133608.76095645,637934044155951232,3215.669696
1133608.86089955,637934044156950912,3215.770048
1133609.00990475,637934044158441472,3215.918688
1133609.10683205,637934044159410304,3216.015488
1133609.29196905,637934044161262848,3216.200928
1133609.41782635,637934044162520576,3216.327232
1133609.54990485,637934044163842432,3216.459072
1133609.64395215,637934044164783232,3216.55328
1133609.81586845,637934044166502016,3216.724864
1133609.92289635,637934044167572864,3216.831712
1133610.06795785,637934044169023104,3216.976992
1133610.16796495,637934044170022912,3217.07744
1133610.36295315,637934044171973504,3217.271552
1133610.44085085,637934044172752128,3217.34992
1133610.63587855,637934044174702720,3217.545088
1133610.72885855,637934044175633024,3217.638304
1133610.87789725,637934044177123328,3217.786976
1133610.97391095,637934044178084096,3217.882944
1133611.18783245,637934044180222976,3218.096864
1133611.30776145,637934044181422464,3218.217312
1133611.31394625,637934044181484288,3218.223072
1133611.45279675,637934044182873472,3218.362144
1133611.47694095,637934044183114624,3218.38608
1133611.60090205,637934044184354688,3218.509632
1133611.70990305,637934044185444608,3218.618848
1133611.85690995,637934044186915328,3218.76608
1133611.96485935,637934044187995008,3218.873856
1133612.11778185,637934044189523840,3219.026496
1133612.23874925,637934044190733568,3219.147424
1133612.37479625,637934044192094208,3219.284192
1133612.44681625,637934044192814592,3219.356288
1133612.60081955,637934044194355072,3219.50992
1133612.68599945,637934044195206784,3219.59456
1133612.82384075,637934044196585216,3219.733088
1133612.92779005,637934044197624960,3219.837184
1133613.07273165,637934044199074816,3219.981824
1133613.14284885,637934044199775872,3220.052064
1133613.25774205,637934044200924672,3220.166848
1133613.34772825,637934044201824640,3220.256672
1133613.49587785,637934044203306496,3220.404864
1133613.70677785,637934044205415808,3220.616032
1133613.82982095,637934044206646528,3220.738528
1133614.02371125,637934044208585856,3220.933056
1133614.17986325,637934044210146944,3221.08864
1133614.29778075,637934044211326848,3221.207264
1133614.45178295,637934044212866560,3221.361376
1133614.5576807,637934044213925760,3221.46656
1133614.7067885,637934044215417472,3221.61568
1133615.3818007,637934044222168064,3222.291296
1133615.641815,637934044224768640,3222.550848
1133615.7916956,637934044226267264,3222.700608
1133615.9648241,637934044227999744,3222.873952
1133616.0856934,637934044229207808,3222.9952
1133616.2200156,637934044230551808,3223.128576
1133616.3756954,637934044232108288,3223.284768
1133616.5367138,637934044233718656,3223.4456
1133616.6587928,637934044234940416,3223.568288
1133616.8067895,637934044236420608,3223.71568
1133616.9307608,637934044237659776,3223.84
1133617.0627859,637934044238979968,3223.972032
1133617.5087233,637934044243440000,3224.417728
1133617.6546869,637934044244899456,3224.564128
1133617.7846509,637934044246199552,3224.6936
1133617.935767,637934044247710976,3224.844736
1133618.0737054,637934044249090688,3224.983296
1133618.2207241,637934044250561024,3225.129664
1133618.4147146,637934044252501248,3225.323776
1133618.5826719,637934044254181632,3225.491744
1133618.756628,637934044255920512,3225.665568
1133618.9446397,637934044257800704,3225.85376
1133619.0557421,637934044258912256,3225.9648
1133619.2306638,637934044260661248,3226.139808
1133619.343628,637934044261791232,3226.25296
1133619.5216376,637934044263571712,3226.43104
1133619.6316209,637934044264671488,3226.540384
1133619.8046917,637934044266403072,3226.713728
1133619.9527284,637934044267883776,3226.861664
1133620.1216146,637934044269572096,3227.030368
1133620.2337357,637934044270693632,3227.142656
1133620.4036132,637934044272392576,3227.31296
1133620.5097059,637934044273454208,3227.419136
1133620.6867463,637934044275224832,3227.596192
1133620.8175599,637934044276532224,3227.726912
1133620.9936167,637934044278293248,3227.90288
1133621.1297342,637934044279654784,3228.038688
1133621.3087265,637934044281444608,3228.218432
1133621.6646785,637934044285004800,3228.574176
1133621.8334955,637934044286692736,3228.742432
1133622.155795,637934044289916544,3229.06512
1133622.3296689,637934044291655680,3229.238752
1133622.4785749,637934044293145088,3229.387648
1133622.6505144,637934044294864000,3229.559616
1133622.7726116,637934044296085504,3229.681664
1133622.9344835,637934044297704192,3229.844288
1133623.0526063,637934044298886016,3229.962176
1133623.2135914,637934044300496256,3230.122528
1133623.344583,637934044301805824,3230.253728
1133623.518478,637934044303544832,3230.428192
1133623.6195924,637934044304556160,3230.528768
1133623.7809921,637934044306170624,3230.689664
1133623.8906024,637934044307266688,3230.799808
1133624.080433,637934044309164672,3230.990272
1133624.1764893,637934044310125696,3231.086112
1133624.350577,637934044311866880,3231.259744
1133624.4495634,637934044312857216,3231.358656
1133624.618515,637934044314546560,3231.528
1133624.7175405,637934044315537280,3231.62672
1133624.8875385,637934044317237376,3231.79664
1133624.9915136,637934044318276992,3231.901088
1133625.1604857,637934044319966592,3232.070208
1133625.28648,637934044321226880,3232.195616
1133625.4464535,637934044322827520,3232.355424
1133625.5635466,637934044323998080,3232.4728
1133625.713599,637934044325499392,3232.6232
1133625.8535706,637934044326898944,3232.762752
1133625.9855055,637934044328218112,3232.895168
1133626.0615741,637934044328978816,3232.971168
1133626.1874912,637934044330238208,3233.096768
1133627.0196075,637934044338560128,3233.929088
1133627.142422,637934044339788928,3234.051488
1133627.5664948,637934044344030720,3234.476224
1133627.6954873,637934044345320192,3234.6048
1133628.3835072,637934044352201472,3235.29328
1133628.4884775,637934044353250816,3235.3976
1133628.6474194,637934044354840960,3235.557344
1133628.7924701,637934044356291072,3235.702016
1133629.2983741,637934044361351168,3236.208192
1133629.472449,637934044363091968,3236.38176
1133629.6064322,637934044364431872,3236.515968
1133629.7573155,637934044365940864,3236.667008
1133629.8874923,637934044367242752,3236.797088
1133630.0315139,637934044368684160,3236.94064
1133630.1733342,637934044370101632,3237.08256
1133630.3254766,637934044371623168,3237.235456
1133630.4462786,637934044372831232,3237.355392
1133630.5852806,637934044374221312,3237.49456
1133630.6973901,637934044375342720,3237.606944
1133630.8513632,637934044376882816,3237.760416
1133630.9932526,637934044378301568,3237.902464
1133631.1615037,637934044379984640,3238.070432
1133631.3043833,637934044381413504,3238.214432
1133631.437308,637934044382742784,3238.34656
1133631.5763153,637934044384133248,3238.485568
1133631.7862766,637934044386233088,3238.696096
1133631.9234044,637934044387604480,3238.833088
1133632.0732732,637934044389103360,3238.98288
1133632.226499,637934044390636032,3239.13632
1133632.3778693,637934044392373376,3239.28736
1133632.5252929,637934044393624576,3239.434432
1133632.6783725,637934044395155200,3239.587808
1133632.8043019,637934044396414720,3239.714208
1133632.9421972,637934044397793920,3239.851488
1133633.1003063,637934044399374976,3240.009568
1133633.2653911,637934044401026176,3240.175456
1133633.3803491,637934044402175744,3240.2904
1133633.5333252,637934044403705728,3240.442912
1133633.6643074,637934044405016576,3240.5736
1133633.820268,637934044406575616,3240.729504
1133633.9053014,637934044407426944,3240.814528
1133634.0622782,637934044408995968,3240.972288
1133634.7644247,637934044416018304,3241.674112
1133634.9052899,637934044417427072,3241.814688
1133635.0573364,637934044418948224,3241.96672
1133635.2183007,637934044420558464,3242.127744
1133635.3493355,637934044421868672,3242.258912
1133635.489147,637934044423266688,3242.398912
1133635.638168,637934044424756992,3242.548384
1133635.7642639,637934044426017920,3242.673504
1133635.9122035,637934044427497600,3242.821984
1133636.0751547,637934044429127040,3242.984576
1133636.206252,637934044430438656,3243.116384
1133636.3532623,637934044431908992,3243.262816
1133636.474215,637934044433118976,3243.383808
1133636.5912182,637934044434289024,3243.5008
1133636.6952623,637934044435329024,3243.605312
1133636.8001803,637934044436378240,3243.709728
1133636.8952964,637934044437329664,3243.804672
1133637.0142911,637934044438520832,3243.924288
1133637.0871399,637934044439248384,3243.997024
1133637.2091715,637934044440468608,3244.118848
1133637.2960752,637934044441337728,3244.20544
1133637.4272133,637934044442649600,3244.33696
1133637.5232215,637934044443609984,3244.432448
1133637.6952601,637934044445330176,3244.604576
1133637.8081487,637934044446459776,3244.717632
1133637.942088,637934044447798784,3244.851456
1133638.0711645,637934044449090688,3244.980448
1133638.1952013,637934044450330368,3245.105344
1133638.3131622,637934044451510400,3245.222624
1133638.4391663,637934044452770432,3245.349056
1133638.7420435,637934044455799296,3245.652096
1133638.9280863,637934044457659904,3245.83824
1133639.056211,637934044458941568,3245.966336
1133639.2041726,637934044460421632,3246.113472
1133639.3231038,637934044461610752,3246.233184
1133639.4561703,637934044462941696,3246.366144
1133639.5681389,637934044464061696,3246.477792
1133639.6952397,637934044465333248,3246.605184
1133639.84407,637934044466821120,3246.753504
1133639.9690867,637934044468071168,3246.878624
1133640.1251642,637934044469632384,3247.035168
1133640.2380533,637934044470761216,3247.147648
1133640.3759149,637934044472140416,3247.286144
1133640.4973179,637934044473354112,3247.40688
1133640.6192439,637934044474574336,3247.528736
1133640.7571139,637934044475952384,3247.667328
1133640.8541038,637934044476922624,3247.764224
1133641.0071296,637934044478453120,3247.916512
1133641.1530705,637934044479912448,3248.062528
1133641.2891105,637934044481272960,3248.19888
1133641.3950773,637934044482333312,3248.304448
1133641.5331763,637934044483714944,3248.443136
1133641.6771593,637934044485154304,3248.587136
1133641.810191,637934044486484864,3248.719712
1133641.9300164,637934044487683072,3248.839456
1133642.0280195,637934044488663168,3248.93808
1133642.1859639,637934044490242944,3249.095392
1133642.3391621,637934044491774848,3249.2488
1133642.4860465,637934044493244288,3249.395616
1133642.6010179,637934044494393856,3249.511264
1133642.7570036,637934044495953920,3249.66656
1133642.8961246,637934044497346048,3249.806144
1133643.0611017,637934044498995584,3249.970432
1133643.2060679,637934044500445312,3250.116288
1133643.3461188,637934044501845888,3250.255552
1133643.4800658,637934044503185536,3250.39024
1133643.5960273,637934044504345344,3250.505472
1133643.7409405,637934044505794304,3250.6504
1133643.8690201,637934044507075840,3250.779328
1133644.0009557,637934044508394752,3250.910848
1133645.0131769,637934044518518656,3251.923104
1133645.1110753,637934044519497600,3252.02096
1133645.2819298,637934044521206272,3252.191392
1133645.3979807,637934044522366848,3252.307584
1133645.6078499,637934044524465792,3252.517504
1133645.7589214,637934044525976832,3252.66864
1133645.9979643,637934044528367744,3252.908032
1133646.1450856,637934044529839488,3253.054656
1133646.2840103,637934044531228672,3253.19344
1133646.4149449,637934044532538368,3253.324672
1133646.6189021,637934044534577664,3253.528416
1133646.7379293,637934044535768064,3253.648288
1133646.9289567,637934044537678720,3253.839008
1133647.0559787,637934044538948992,3253.966208
1133647.218908,637934044540578816,3254.1288
1133647.3340188,637934044541730048,3254.243616
1133647.47901725,637934044543180544,3254.38928
1133647.58819495,637934044544272384,3254.497536
1133647.74686395,637934044545859072,3254.656416
1133647.85699375,637934044546960384,3254.767104
1133647.99883865,637934044548379008,3254.909248
1133648.14083715,637934044549799040,3255.0512
1133648.24788795,637934044550870016,3255.158272
1133648.37486625,637934044552139648,3255.284736
1133648.51390985,637934044553530496,3255.423488
1133648.63887525,637934044554780160,3255.549248
1133648.75398575,637934044555931648,3255.66416
1133648.87090625,637934044557101056,3255.78048
1133649.28688365,637934044561261184,3256.19648
1133649.46780615,637934044563070336,3256.378016
1133649.59891665,637934044564381952,3256.508448
1133649.74093335,637934044565802240,3256.65136
1133649.85581055,637934044566950784,3256.766144
1133649.98589915,637934044568252160,3256.895456
1133650.14806165,637934044569874176,3257.058112
1133650.32290945,637934044571622656,3257.232608
1133650.41580875,637934044572551552,3257.32624
1133650.57880575,637934044574181760,3257.489056
1133650.71688465,637934044575563264,3257.6272
1133650.88382455,637934044577232512,3257.793952
1133650.98277435,637934044578221824,3257.892608
1133651.14589795,637934044579853696,3258.05568
1133651.25989465,637934044580994176,3258.169792
1133651.44690335,637934044582864128,3258.356864
1133651.55289675,637934044583924352,3258.462752
1133651.71284895,637934044585524352,3258.623328
1133651.88985305,637934044587294592,3258.799552
1133652.05383955,637934044588934016,3258.963712
1133652.16174515,637934044590012928,3259.072064
1133652.31980515,637934044591594112,3259.229728
1133652.52475705,637934044593644416,3259.43456
1133652.69576315,637934044595354112,3259.605824
1133652.86983355,637934044597095296,3259.77968
1133653.03083635,637934044598705536,3259.940928
1133653.15872965,637934044599984128,3260.06896
1133653.32777865,637934044601675264,3260.237696
1133653.45673265,637934044602964736,3260.367168
1133653.65274315,637934044604925056,3260.562624
1133653.86579525,637934044607056000,3260.775936
1133654.01892945,637934044608587520,3260.929152
1133654.15985155,637934044609997056,3261.069952
1133654.33072585,637934044611705600,3261.240416
1133654.46776855,637934044613076224,3261.3776
1133654.64273745,637934044614826880,3261.552896
1133654.77376485,637934044616137472,3261.684416
1133654.95674355,637934044617966848,3261.86656
1133655.07871885,637934044619186816,3261.989408
1133655.25980875,637934044620997632,3262.1696
1133655.36373605,637934044622036992,3262.2736
1133655.51675115,637934044623567360,3262.4272
1133655.64378395,637934044624838144,3262.553728
1133655.80565155,637934044626456832,3262.715552
1133655.91462545,637934044627546624,3262.825312
1133656.06369555,637934044629037696,3262.97344
1133656.21568805,637934044630557696,3263.125952
1133656.39076925,637934044632309760,3263.300832
1133656.56975985,637934044634099584,3263.48032
1133656.73928385,637934044635794432,3263.64864
1133656.86878725,637934044637089408,3263.7792
1133657.04260255,637934044638827904,3263.95248
1133657.15064495,637934044639908224,3264.060512
1133657.28862785,637934044641288448,3264.198624
1133657.42967295,637934044642699264,3264.340224
1133657.57861325,637934044644188544,3264.488832
1133657.69375665,637934044645340544,3264.604416
1133657.84959645,637934044646899200,3264.759488
1133657.97164515,637934044648119808,3264.882112
1133658.14365315,637934044649839616,3265.0536
1133658.24671435,637934044650870528,3265.156736
1133658.39966785,637934044652400640,3265.310144
1133658.53372015,637934044653741056,3265.44416
1133658.68471665,637934044655251456,3265.595296
1133658.79159595,637934044656320000,3265.70208
1133658.91571085,637934044657561600,3265.825504
1133659.38864205,637934044662291328,3266.298688
1133659.51167715,637934044663522176,3266.421856
1133659.65269375,637934044664932224,3266.563072
1133659.79868785,637934044666392320,3266.708736
1133659.91263575,637934044667531776,3266.822592
1133660.03757075,637934044668781184,3266.947936
1133660.19471355,637934044670353152,3267.104736
1133660.30339675,637934044671440384,3267.21408
1133660.42158665,637934044672622080,3267.331776
1133660.53756655,637934044673781760,3267.447776
1133660.61678215,637934044674574080,3267.5272
1133660.72458675,637934044675652096,3267.635168
1133660.80667955,637934044676473472,3267.717152
1133660.91749855,637934044677581824,3267.828224
1133661.06066635,637934044679013632,3267.970464
1133661.18859405,637934044680292992,3268.098528
1133661.30154955,637934044681422592,3268.211648
1133661.41562505,637934044682563712,3268.325888
1133661.49464155,637934044683354240,3268.405088
1133661.58873405,637934044684295040,3268.49856
1133661.67559035,637934044685163904,3268.586112
1133661.78049125,637934044686212736,3268.69136
1133661.87262245,637934044687134720,3268.782656
1133661.99065295,637934044688314624,3268.900448
1133662.07861325,637934044689195136,3268.989056
1133662.22267325,637934044690635008,3269.132512
1133662.34559275,637934044691864320,3269.255584
1133662.48348275,637934044693243264,3269.393952
1133662.63070685,637934044694715648,3269.54144
1133662.76078965,637934044696032384,3269.670816
1133662.90160605,637934044697426176,3269.812
1133663.02554265,637934044698664576,3269.936448
1133663.18544165,637934044700263680,3270.095776
1133663.31556995,637934044701566208,3270.225824
1133663.41665895,637934044702576512,3270.32704
1133663.51350045,637934044703544832,3270.42368
1133663.59750715,637934044704385280,3270.508064
1133663.68742855,637934044705284352,3270.59744
1133663.78670705,637934044706277248,3270.696672
1133663.87448945,637934044707155200,3270.78496
1133664.24158645,637934044710826752,3271.15232
1133664.40544795,637934044712465920,3271.316256
1133664.55343535,637934044713945472,3271.463456
1133664.60960535,637934044714507520,3271.519968
1133664.74742315,637934044715885440,3271.657408
1133664.88839055,637934044717295232,3271.7984
1133665.11156685,637934044719527680,3272.02192
1133665.25946055,637934044721006720,3272.169536
1133665.41450685,637934044722557440,3272.32496
1133665.56243845,637934044724036864,3272.472768
1133665.69647415,637934044725377408,3272.606624
1133665.85548855,637934044726967808,3272.765632
1133665.99258775,637934044728339712,3272.902688
1133666.13557275,637934044729768832,3273.046304
1133666.24460845,637934044730859392,3273.15536
1133666.42339575,637934044732647296,3273.334112
1133666.56337265,637934044734047360,3273.474368
1133666.74535995,637934044735867392,3273.655616
1133666.85840245,637934044736997888,3273.769312
1133667.00938175,637934044738507904,3273.919744
1133667.13739215,637934044739788288,3274.048032
1133667.28348275,637934044741249664,3274.19376
1133667.41246655,637934044742539520,3274.322912
1133667.56744605,637934044744090240,3274.477696
1133667.70646425,637934044745480320,3274.616864
1133667.85445075,637934044746959744,3274.764768
1133667.99238475,637934044748339200,3274.902944
1133668.14845455,637934044749900672,3275.058944
1133668.27537865,637934044751169664,3275.186304
1133668.43532215,637934044752769408,3275.345856
1133668.57327135,637934044754148608,3275.483456
1133668.71738355,637934044755590272,3275.62816
1133668.8424389,637934044756840960,3275.753408
1133669.0023665,637934044758440320,3275.913408
1133669.1153057,637934044759569792,3276.02592
1133669.2813821,637934044761231744,3276.191456
1133669.4153047,637934044762570112,3276.326144
1133669.5783722,637934044764201344,3276.489088
1133669.7404194,637934044765821952,3276.651232
1133669.9122702,637934044767540480,3276.822592
1133670.0443095,637934044768861440,3276.95456
1133670.1814153,637934044770232448,3277.091616
1133670.3243958,637934044771662848,3277.234944
1133670.4794147,637934044773213312,3277.389952
1133670.635225,637934044774771072,3277.546304
1133670.7993511,637934044776412544,3277.709888
1133670.9373888,637934044777793024,3277.847904
1133671.0922457,637934044779341568,3278.002528
1133671.2104251,637934044780524160,3278.12096
1133671.3372569,637934044781792384,3278.248
1133671.4873955,637934044783294464,3278.397952
1133671.6113096,637934044784533120,3278.521664
1133671.7665397,637934044786085632,3278.676576
1133671.895373,637934044787373952,3278.806368
1133672.0703917,637934044789124736,3278.980576
1133672.1982599,637934044790403072,3279.108736
1133672.3172059,637934044791593088,3279.228096
1133672.4423241,637934044792844800,3279.352704
1133672.603259,637934044794453632,3279.513696
1133672.7462895,637934044795884544,3279.656576
1133672.8822909,637934044797244416,3279.792736
1133673.0542056,637934044798963712,3279.964608
1133673.1562292,637934044799984000,3280.066848
1133673.3193743,637934044801616128,3280.230464
1133673.8282229,637934044806705152,3280.738816
1133674.0312574,637934044808735488,3280.942304
1133674.2463212,637934044810886528,3281.157312
1133674.4712312,637934044813136128,3281.382336
1133674.6442644,637934044814867200,3281.554624
1133675.1251234,637934044819675392,3282.03616
1133675.2842354,637934044821266816,3282.194912
1133675.4651138,637934044823075840,3282.375584
1133675.6171706,637934044824596864,3282.528288
1133675.8121262,637934044826546560,3282.722656
1133675.9601137,637934044828026368,3282.870848
1133676.1581395,637934044830006912,3283.0688
1133676.2742172,637934044831168000,3283.184512
1133676.4511486,637934044832937472,3283.36224
1133676.5642578,637934044834069632,3283.4752
1133676.7503663,637934044835930240,3283.661408
1133676.8541448,637934044836967808,3283.76496
1133677.0331962,637934044838758912,3283.943616
1133677.1472378,637934044839900160,3284.057792
1133677.3180568,637934044841607424,3284.228608
1133677.4271359,637934044842698368,3284.337888
1133677.5821992,637934044844249472,3284.49328
1133677.7070661,637934044845498240,3284.617952
1133677.8601321,637934044847029248,3284.770688
1133677.9902398,637934044848330240,3284.90128
1133678.1682542,637934044850110848,3285.079392
1133678.2592086,637934044851020544,3285.1696
1133678.4340614,637934044852768896,3285.344896
1133678.5491378,637934044853920000,3285.459936
1133678.7201854,637934044855630464,3285.6312
1133678.8270731,637934044856699904,3285.738016
1133679.0101392,637934044858530816,3285.921024
1133679.1171359,637934044859601024,3286.028032
1133679.2931453,637934044861361792,3286.203904
1133679.4110885,637934044862540800,3286.321568
1133679.6110866,637934044864540672,3286.52224
1133679.7311567,637934044865742336,3286.641568
1133679.9411015,637934044867841536,3286.85232
1133680.0649952,637934044869080448,3286.975552
1133680.2331387,637934044870762240,3287.14384
1133680.3549825,637934044871980544,3287.265984
1133680.5150902,637934044873582080,3287.426144
1133680.6179964,637934044874611072,3287.528576
1133680.7520313,637934044875951872,3287.66256
1133681.2890066,637934044881322112,3288.200256
1133681.4141413,637934044882573440,3288.325184
1133681.6341486,637934044884774144,3288.544832
1133681.757975,637934044886012416,3288.669056
1133681.9010816,637934044887443840,3288.812384
1133682.0320708,637934044888754304,3288.94304
1133682.1270541,637934044889703552,3289.038304
1133682.2580383,637934044891013760,3289.168672
1133682.3370783,637934044891804416,3289.248096
1133682.451066,637934044892944128,3289.36224
1133682.5530329,637934044893963904,3289.464192
1133682.694112,637934044895375488,3289.604928
1133682.7687013,637934044896120960,3289.67904
1133682.8889624,637934044897323648,3289.799552
1133684.2981077,637934044911416832,3291.209216
1133684.4139053,637934044912574848,3291.325184
1133684.5669362,637934044914105856,3291.478208
1133684.6850026,637934044915286400,3291.595456
1133684.979924,637934044918236672,3291.890496
1133685.1440085,637934044919877504,3292.054496
1133685.2628385,637934044921065472,3292.173504
1133685.3748852,637934044922185984,3292.285472
1133685.5188456,637934044923625728,3292.429536
1133685.6429214,637934044924866560,3292.55424
1133685.83907485,637934044926828800,3292.749632
1133685.98798785,637934044928318208,3292.898848
1133686.83600435,637934044936799232,3293.746816
1133686.95188635,637934044937958272,3293.863136
1133687.08584895,637934044939297920,3293.996736
1133687.19085485,637934044940347776,3294.10144
1133687.35990895,637934044942039424,3294.270848
1133687.51386795,637934044943578752,3294.424448
1133687.85495255,637934044946990464,3294.766208
1133687.98716505,637934044948312576,3294.898208
1133688.10195055,637934044949459968,3295.012928
1133688.24286295,637934044950869248,3295.1544
1133688.35587235,637934044952000384,3295.26688
1133688.47980705,637934044953239040,3295.39104
1133688.83687405,637934044956810496,3295.748224
1133688.97990415,637934044958240896,3295.891136
1133689.07092155,637934044959151232,3295.981984
1133689.19677515,637934044960409984,3296.108
1133689.30876745,637934044961529728,3296.219776
1133689.43374255,637934044962779392,3296.34464
1133689.55792485,637934044964022912,3296.468576
1133689.69578845,637934044965400448,3296.607072
1133689.79577215,637934044966400384,3296.706784
1133689.91887205,637934044967631232,3296.830176
1133690.19788765,637934044970422016,3297.109472
1133690.32928925,637934044971736320,3297.23968
1133690.42393385,637934044972683008,3297.335328
1133690.53477345,637934044973791104,3297.446016
1133690.63274265,637934044974771456,3297.544096
1133690.72673245,637934044975711232,3297.637888
1133690.83789405,637934044976823808,3297.7488
1133690.91973905,637934044977641216,3297.8312
1133690.99386275,637934044978383104,3297.905216
1133691.08883145,637934044979333504,3297.99952
1133691.44179935,637934044982862976,3298.353248
1133691.56985095,637934044984144000,3298.480896
1133691.72574145,637934044985702272,3298.636384
1133691.86681115,637934044987113856,3298.777664
1133692.10276035,637934044989473152,3299.014368
1133692.23867335,637934044990832128,3299.150048
1133692.39790825,637934044992425344,3299.309024
1133692.52267655,637934044993672576,3299.43344
1133692.88772805,637934044997323904,3299.798464
1133693.01268685,637934044998573696,3299.92352
1133693.11965555,637934044999643136,3300.03136
1133693.27373035,637934045001184384,3300.184448
1133693.53079165,637934045003755392,3300.44192
1133693.65866715,637934045005034240,3300.569888
1133693.78776405,637934045006325376,3300.698976
1133693.90170105,637934045007465088,3300.812384
1133694.0366637,637934045008814592,3300.947776
1133694.2337737,637934045010786816,3301.144768
1133694.5896164,637934045014344704,3301.500992
1133694.7157609,637934045015606400,3301.626848
1133694.8426424,637934045016875264,3301.754016
1133694.9726781,637934045018176000,3301.884288
1133711.2395924,637934045180865152,3318.150848
1133711.3844559,637934045182314112,3318.292256
1133711.5633826,637934045184103552,3318.47536
1133711.6773066,637934045185243264,3318.58864
1133711.8091785,637934045186562048,3318.720384
1133711.9651882,637934045188122368,3318.877024
1133712.0822837,637934045189293696,3318.993664
1133712.2422642,637934045190893568,3319.15376
1133712.393208,637934045192402688,3319.30448
1133712.5252689,637934045193723648,3319.437184
1133712.697123,637934045195442432,3319.608544
1133712.8302268,637934045196773504,3319.741728
1133713.0501639,637934045198973952,3319.96144
1133713.2023039,637934045200495616,3320.114272
1133713.4331941,637934045202804096,3320.345056
1133713.5661319,637934045204133760,3320.478016
1133713.8111327,637934045206583680,3320.723328
1133713.9342679,637934045207815936,3320.846176
1133714.129276,637934045209765760,3321.040544
1133714.2760979,637934045211234048,3321.188192
1133714.405211,637934045212525312,3321.31664
1133714.5401739,637934045213875072,3321.452384
1133714.6862547,637934045215336320,3321.598144
1133714.8232441,637934045216706816,3321.735104
1133714.9771666,637934045218245760,3321.888448
1133715.1021322,637934045219495552,3322.01376
1133715.240094,637934045220875136,3322.151648
1133715.3571836,637934045222046464,3322.26928
1133715.4751714,637934045223226752,3322.387232
1133715.6060559,637934045224535040,3322.518144
1133715.7311765,637934045225787392,3322.643104
1133715.8611754,637934045227087104,3322.773408
1133715.9840523,637934045228315648,3322.896192
1133716.1171929,637934045229647616,3323.02864
1133716.237088,637934045230846336,3323.14928
1133716.3631568,637934045232107264,3323.274656
1133716.5051495,637934045233527552,3323.416768
1133716.6441389,637934045234917632,3323.555776
1133716.7681376,637934045236157696,3323.68032
1133716.8980333,637934045237456512,3323.810144
1133717.0190335,637934045238666624,3323.931136
1133717.1430228,637934045239906688,3324.05536
1133717.2485178,637934045240962048,3324.160736
1133717.3771028,637934045242248064,3324.28864
1133717.50508235,637934045243527808,3324.417088
1133717.61904955,637934045244668032,3324.5312
1133717.71929545,637934045245670272,3324.63136
1133717.83710725,637934045246848640,3324.748512
1133717.94202305,637934045247897984,3324.854112
1133718.06625235,637934045249140608,3324.9784
1133718.17400595,637934045250218112,3325.085888
1133718.29110685,637934045251389312,3325.202592
1133718.37892635,637934045252267520,3325.290496
1133718.49803285,637934045253458944,3325.409728
1133718.58497165,637934045254328320,3325.49696
1133718.70552415,637934045255534848,3325.61696
1133718.79213325,637934045256400256,3325.70416
1133718.90700205,637934045257548928,3325.819104
1133719.02800415,637934045258758912,3325.939648
1133719.11396815,637934045259618816,3326.026048
1133719.22407785,637934045260720000,3326.135968
1133719.35294315,637934045262008960,3326.264576
1133719.43407315,637934045262820480,3326.346208
1133719.56296055,637934045264109568,3326.475104
1133719.67906275,637934045265271424,3326.590784
1133719.84302705,637934045266910336,3326.755328
1133720.01702195,637934045268650496,3326.928672
1133720.17002515,637934045270181376,3327.08224
1133720.28104305,637934045271291648,3327.192416
1133720.42404345,637934045272721152,3327.336
1133720.52802775,637934045273761408,3327.440224
1133720.64694125,637934045274950656,3327.559328
1133720.78399775,637934045276321280,3327.696288
1133720.89288565,637934045277410432,3327.804416
1133721.02602995,637934045278742016,3327.937888
1133721.13691885,637934045279850624,3328.049024
1133721.22693845,637934045280751488,3328.138976
1133721.33700875,637934045281852544,3328.24912
1133721.43593145,637934045282841472,3328.34832
1133721.51993055,637934045283681792,3328.431552
1133721.59903725,637934045284472960,3328.51056
1133721.69600445,637934045285442688,3328.607616
1133721.77093685,637934045286191872,3328.68272
1133721.87699055,637934045287252864,3328.788704
1133721.96288405,637934045288111360,3328.874432
1133722.06489965,637934045289132032,3328.976672
1133722.17997375,637934045290283392,3329.091872
1133722.31790695,637934045291662720,3329.229504
1133722.65291125,637934045295012736,3329.5648
1133722.79991395,637934045296482816,3329.711808
1133722.91699245,637934045297654400,3329.828864
1133723.05899965,637934045299074304,3329.970816
1133723.20293415,637934045300513280,3330.114464
1133723.32684775,637934045301752960,3330.238912
1133723.4298786,637934045302783488,3330.342112
1133723.5509734,637934045303994496,3330.46272
1133723.652021,637934045305005056,3330.563616
1133723.7639573,637934045306124416,3330.676288
1133723.8829166,637934045307314176,3330.795232
1133723.9918437,637934045308404224,3330.90368
1133724.1059225,637934045309544576,3331.01792
1133724.223987,637934045310725376,3331.135936
1133724.3839272,637934045312324992,3331.296096
1133724.4679418,637934045313165440,3331.380192
1133724.5769671,637934045314256256,3331.489344
1133724.702806,637934045315513856,3331.614944
1133724.8288962,637934045316775168,3331.740416
1133724.9489215,637934045317976064,3331.86048
1133725.0708531,637934045319195136,3331.983008
1133725.2029118,637934045320516352,3332.114912
1133725.3378028,637934045321864960,3332.249856
1133725.4599424,637934045323086720,3332.372128
1133725.5649181,637934045324136448,3332.477408
1133725.6878754,637934045325366400,3332.599616
1133725.9808951,637934045328296704,3332.892448
1133726.115796,637934045329645568,3333.027808
1133726.1981016,637934045330469632,3333.109984
1133726.3348933,637934045331839232,3333.246752
1133726.3948997,637934045332437376,3333.30672
1133726.4878899,637934045333367424,3333.399968
1133726.5798646,637934045334287232,3333.491808
1133726.6898848,637934045335387648,3333.60192
1133726.8087862,637934045336576384,3333.720448
1133726.9368322,637934045337857536,3333.848672
1133727.0477833,637934045338966784,3333.959904
1133727.1638135,637934045340127232,3334.076352
1133727.3016429,637934045341505536,3334.214176
1133727.4538145,637934045343027456,3334.365696
1133727.5568005,637934045344057728,3334.469184
1133727.6347358,637934045344836864,3334.546784
1133727.7598535,637934045346089216,3334.672096
1133727.8867405,637934045347357440,3334.798912
1133729.2908135,637934045361399680,3336.202784
1133729.4206509,637934045362698240,3336.332512
1133729.5457801,637934045363949824,3336.458272
1133729.6647996,637934045365140352,3336.576544
1133729.7706887,637934045366199040,3336.682656
1133729.8676979,637934045367169536,3336.779616
1133729.957789,637934045368070912,3336.869696
1133730.0617893,637934045369110912,3336.97392
1133730.4467658,637934045372961792,3337.359296
1133730.5706175,637934045374199680,3337.483136
1133730.6847827,637934045375341440,3337.597088
1133730.8168535,637934045376662272,3337.729376
1133730.9638349,637934045378132224,3337.87584
1133731.1118126,637934045379612160,3338.024128
1133731.2886375,637934045381380352,3338.20112
1133731.4427135,637934045382921728,3338.355008
1133731.879587,637934045387291008,3338.792128
1133732.0397868,637934045388893184,3338.952384
1133732.3040399,637934045391535872,3339.215648
1133732.4476319,637934045392972416,3339.359968
1133732.6186508,637934045394682496,3339.531264
1133732.7826545,637934045396322816,3339.69456
1133733.0778265,637934045399275008,3339.990432
1133733.2578188,637934045401088256,3340.169856
1133733.4885861,637934045403382784,3340.401088
1133733.6706403,637934045405203712,3340.583104
1133734.0635724,637934045409133568,3340.975488
1133734.2215548,637934045410713216,3341.133376
1133734.5736874,637934045414235392,3341.48608
1133734.7357052,637934045415855744,3341.647488
1133734.8916109,637934045417415424,3341.804032
1133735.0276692,637934045418776192,3341.940224
1133735.1581772,637934045420081664,3342.070016
1133735.3075151,637934045421574400,3342.219552
1133735.4506495,637934045423005696,3342.363104
1133735.6087329,637934045424587136,3342.520512
1133735.7725753,637934045426225536,3342.684736
1133735.9394984,637934045427895040,3342.85232
1133736.1036242,637934045429536896,3343.016128
1133736.2516324,637934045431017472,3343.164224
1133736.3898904,637934045432400384,3343.30176
1133736.5215989,637934045433716864,3343.4336
1133736.7135912,637934045435637504,3343.626112
1133736.8745524,637934045437246848,3343.787232
1133737.0125065,637934045438626688,3343.925184
1133737.2155842,637934045440657536,3344.128064
1133737.361544,637934045442117504,3344.274368
1133737.5114549,637934045443616384,3344.42352
1133737.6236123,637934045444738816,3344.536032
1133737.7547466,637934045446049920,3344.667424
1133737.8704109,637934045447206400,3344.782752
1133737.9865391,637934045448368384,3344.898912
1133738.0826813,637934045449330560,3344.994944
1133738.1895814,637934045450399616,3345.101856
1133738.2875089,637934045451378304,3345.199808
1133738.4005066,637934045452508800,3345.313152
1133738.4805521,637934045453308928,3345.3928
1133738.6054357,637934045454557696,3345.517728
1133738.7355616,637934045455859456,3345.647744
1133738.8595001,637934045457098752,3345.771488
1133738.9504577,637934045458008576,3345.862816
1133739.0674653,637934045459178752,3345.979584
1133739.18854615,637934045460389504,3346.100832
1133739.30238005,637934045461528192,3346.214976
1133739.43245335,637934045462828672,3346.345216
1133739.56244895,637934045464129152,3346.474848
1133739.66754675,637934045465180416,3346.579744
1133739.77344195,637934045466238976,3346.686016
1133739.85346615,637934045467039488,3346.765824
1133739.95249825,637934045468029696,3346.864544
1133740.01754215,637934045468680576,3346.930048
1133740.13249265,637934045469830016,3347.044992
1133740.19845515,637934045470489728,3347.1112
1133740.30236635,637934045471528832,3347.215232
1133740.37540085,637934045472259456,3347.287616
1133740.48735575,637934045473378944,3347.399744
1133740.55148055,637934045474020736,3347.46368
1133740.64844555,637934045474990464,3347.560768
1133740.70270055,637934045475533056,3347.61552
1133740.80748625,637934045476581120,3347.719712
1133740.98844305,637934045478390912,3347.900864
1133741.11937165,637934045479700224,3348.031424
1133741.61135505,637934045484620416,3348.523968
1133741.73743835,637934045485881600,3348.649984
1133741.85542155,637934045487061376,3348.768064
1133741.96869885,637934045488195072,3348.88144
1133742.17345185,637934045490242304,3349.086336
1133742.31635695,637934045491673088,3349.228384
1133742.95443655,637934045498053120,3349.867264
1133743.10435335,637934045499552640,3350.016864
1133743.20936175,637934045500602624,3350.122048
1133743.34739605,637934045501983360,3350.260224
1133743.57627325,637934045504272128,3350.488416
1133743.77128615,637934045506222720,3350.684224
1133743.95842935,637934045508094464,3350.870624
1133744.11137215,637934045509623808,3351.023712
1133744.36542105,637934045512164864,3351.277824
1133744.53130615,637934045513823744,3351.444192
1133744.62944925,637934045514805504,3351.541728
1133744.77333745,637934045516244864,3351.685568
1133744.87426105,637934045517253760,3351.786432
1133745.00139705,637934045518525056,3351.91408
1133745.10436605,637934045519555712,3352.016608
1133745.24962005,637934045521007744,3352.161888
1133745.50038585,637934045523516544,3352.41328
1133745.66027275,637934045525114880,3352.573344
1133746.01328895,637934045528645376,3352.925824
1133746.18138945,637934045530326784,3353.094272
1133746.29519595,637934045531464704,3353.207488
1133746.44938585,637934045533007744,3353.361856
1133746.53625985,637934045533875968,3353.448736
1133746.66427155,637934045535155840,3353.576832
1133746.7763245,637934045536276864,3353.689408
1133746.9312873,637934045537826560,3353.844352
1133747.0951751,637934045539465472,3354.008064
1133747.224171,637934045540755584,3354.137184
1133747.3842642,637934045542356608,3354.296576
1133747.5151944,637934045543666432,3354.427808
1133747.6934531,637934045545449216,3354.606496
1133747.8392211,637934045546907136,3354.752096
1133748.0501958,637934045549016960,3354.962784
1133748.232325,637934045550838784,3355.144544
1133748.3762904,637934045552279168,3355.28896
1133748.5602008,637934045554117632,3355.472576
1133748.6642492,637934045555158528,3355.576544
1133748.8142906,637934045556659328,3355.726816
1133749.0091577,637934045558607872,3355.921504
1133749.213641,637934045560653440,3356.1264
1133749.5032699,637934045563549696,3356.415744
1133749.6771591,637934045565288832,3356.589696
1133749.7972108,637934045566489728,3356.709632
1133749.9962363,637934045568479872,3356.9088
1133750.1731626,637934045570249216,3357.08624
1133750.3241838,637934045571759744,3357.236928
1133750.5174045,637934045573692032,3357.430368
1133750.6741398,637934045575259520,3357.587104
1133750.7941877,637934045576460160,3357.706688
1133750.9441766,637934045577960448,3357.857088
1133751.1031443,637934045579550336,3358.016288
1133751.2461408,637934045580980864,3358.159104
1133751.4031214,637934045582550656,3358.315968
1133751.5461646,637934045583981184,3358.459168
1133751.6712807,637934045585232128,3358.583968
1133751.8061142,637934045586581376,3358.718688
1133751.954144,637934045588061568,3358.866784
1133752.1011607,637934045589531520,3359.013696
1133752.3992433,637934045592513024,3359.311968
1133752.5782013,637934045594302976,3359.490752
1133752.7430907,637934045595951616,3359.655712
1133752.9031835,637934045597552896,3359.816224
1133753.0481157,637934045599002624,3359.96048
1133753.2081647,637934045600603392,3360.120896
1133753.3651511,637934045602173312,3360.277984
1133753.5240583,637934045603762432,3360.436736
1133753.6911545,637934045605433600,3360.60432
1133753.8660362,637934045607182336,3360.779264
1133754.0060348,637934045608582912,3360.919072
1133754.1501496,637934045610024192,3361.062464
1133754.3571035,637934045612094336,3361.270016
1133754.5141575,637934045613664768,3361.427104
1133754.6440872,637934045614964096,3361.556576
1133754.8110714,637934045616634368,3361.72416
1133754.95611955,637934045618085760,3361.869088
1133755.11308455,637934045619655424,3362.026272
1133755.25003795,637934045621024640,3362.163104
1133755.38097355,637934045622333952,3362.294304
1133755.54705035,637934045623995008,3362.45984
1133755.68302125,637934045625354624,3362.596128
1133755.79710795,637934045626495872,3362.710048
1133755.92196745,637934045627744256,3362.83504
1133756.04900285,637934045629015040,3362.962368
1133756.18908395,637934045630416000,3363.10224
1133756.34300975,637934045631955712,3363.255872
1133756.48607035,637934045633386752,3363.398976
1133756.61305415,637934045634656768,3363.525632
1133756.76803705,637934045636206336,3363.68112
1133756.89805375,637934045637506560,3363.811296
1133757.05106395,637934045639036928,3363.964448
1133757.26400645,637934045641166720,3364.177216
1133757.42592175,637934045642785920,3364.33888
1133757.54591305,637934045643985792,3364.458688
1133757.68991605,637934045645426304,3364.602528
1133757.77302995,637934045646257664,3364.686336
1133757.90198775,637934045647547392,3364.814752
1133757.99391255,637934045648466688,3364.906496
1133758.11201015,637934045649647744,3365.025088
1133758.81388405,637934045656667136,3365.7264
1133758.93597355,637934045657888768,3365.849344
1133759.06296755,637934045659158528,3365.975648
1133759.14587545,637934045659987840,3366.058464
1133759.26690815,637934045661198080,3366.179616
1133759.36195965,637934045662148864,3366.275232
1133759.45989635,637934045663129216,3366.372512
1133759.58099225,637934045664339840,3366.493728
1133759.68897975,637934045665419648,3366.602208
1133759.79195585,637934045666449152,3366.70544
1133759.92997595,637934045667829632,3366.842688
1133760.03693345,637934045668899328,3366.95024
1133760.19888565,637934045670519296,3367.11168
1133760.33196805,637934045671850240,3367.24528
1133760.57188805,637934045674249600,3367.484512
1133760.71485785,637934045675679488,3367.628192
1133760.86315105,637934045677162368,3367.775744
1133760.96189015,637934045678149760,3367.875104
1133761.11487745,637934045679680256,3368.02784
1133761.19700425,637934045680501504,3368.110048
1133761.32982945,637934045681830144,3368.242496
1133761.42580805,637934045682790272,3368.339328
1133761.56395765,637934045684171520,3368.477344
1133761.66818565,637934045685214592,3368.580704
1133761.79094265,637934045686441472,3368.703872
1133761.91804075,637934045687712640,3368.831168
1133762.0558071,637934045689090560,3368.968608
1133762.1838752,637934045690371328,3369.096544
1133762.3639279,637934045692172416,3369.277184
1133762.5028444,637934045693561856,3369.415616
1133762.8747951,637934045697282048,3369.787616
1133763.0318296,637934045698851968,3369.945248
1133765.7949079,637934045726486400,3372.707872
1133765.9337874,637934045727875456,3372.846592
1133766.2556805,637934045731094400,3373.168768
1133766.3847222,637934045732385408,3373.298016
1133766.9467294,637934045738006144,3373.86
1133767.0637883,637934045739177216,3373.9768
1133767.3887752,637934045742427904,3374.302304
1133767.5357154,637934045743897216,3374.44864
1133767.7206419,637934045745745920,3374.633824
1133767.8547015,637934045747086848,3374.767744
1133767.9646475,637934045748186240,3374.878176
1133768.0877737,637934045749418496,3375.000544
1133768.1817655,637934045750358144,3375.094752
1133768.2947037,637934045751487360,3375.208192
1133768.4173932,637934045752715264,3375.330976
1133768.5068692,637934045753609088,3375.420384
1133768.6566803,637934045755107840,3375.569984
1133768.7847613,637934045756388736,3375.698304
1133769.1696726,637934045760238208,3376.082784
1133769.3117846,637934045761660160,3376.22496
1133769.4087973,637934045762630016,3376.322112
1133769.5477246,637934045764019328,3376.46128
1133769.716732,637934045765709568,3376.630016
1133769.8456952,637934045766999424,3376.758944
1133770.0485648,637934045769028096,3376.961824
1133770.2145482,637934045770688384,3377.127392
1133770.7106974,637934045775650560,3377.623488
1133770.8455973,637934045777000448,3377.758944
1133771.4235978,637934045782780416,3378.336832
1133771.5876286,637934045784420608,3378.501216
1133771.712657,637934045785671296,3378.625952
1133771.8636088,637934045787180800,3378.776832
1133771.9816911,637934045788362112,3378.89536
1133772.117562,637934045789720704,3379.030976
1133772.247604,637934045791021440,3379.160896
1133772.3716667,637934045792262272,3379.284864
1133772.470707,637934045793252736,3379.383872
1133772.5925895,637934045794471680,3379.506048
1133772.7196507,637934045795742336,3379.633344
1133772.8367536,637934045796913280,3379.749984
1133772.9656955,637934045798203776,3379.879392
1133773.0776707,637934045799323264,3379.99088
1133773.1825045,637934045800371328,3380.095424
1133773.3036252,637934045801582720,3380.217024
1133773.3906504,637934045802452864,3380.303712
1133773.5026219,637934045803573120,3380.415872
1133773.5745476,637934045804292352,3380.488384
1133773.6855074,637934045805402240,3380.599136
1133774.0536174,637934045809083776,3380.967104
1133774.2085185,637934045810632832,3381.122112
1133774.3175399,637934045811723136,3381.231136
1133774.4345682,637934045812893824,3381.34768
1133774.5325739,637934045813874048,3381.44592
1133774.6535916,637934045815084160,3381.56656
1133774.7415958,637934045815964544,3381.655072
1133774.8684869,637934045817233408,3381.782144
1133774.9635493,637934045818184704,3381.876544
1133775.0745614,637934045819294720,3381.987648
1133775.1726102,637934045820274816,3382.0856
1133775.253472,637934045821083648,3382.166816
1133775.3395064,637934045821944320,3382.25296
1133775.4534769,637934045823084160,3382.366912
1133775.5346552,637934045823895936,3382.447936
1133775.6474785,637934045825023872,3382.560576
1133775.7405124,637934045825954688,3382.653696
1133775.8354289,637934045826903936,3382.749344
1133775.9454752,637934045828004480,3382.85872
1133776.049456,637934045829044224,3382.963008
1133776.1585724,637934045830136064,3383.072192
1133776.2704816,637934045831255040,3383.184288
1133776.3884484,637934045832435072,3383.301984
1133776.546497,637934045834015488,3383.459424
1133776.6575357,637934045835126912,3383.57056
1133776.8254218,637934045836804992,3383.7392
1133776.9194162,637934045837745280,3383.833216
1133777.053613,637934045839087616,3383.966592
1133777.1354953,637934045839905920,3384.048544
1133777.2415042,637934045840966528,3384.154752
1133777.3485154,637934045842037120,3384.261632
1133777.4514433,637934045843066112,3384.364736
1133777.5554702,637934045844106752,3384.46848
1133777.677482,637934045845327104,3384.59088
1133778.1374311,637934045849926784,3385.050688
1133778.2874127,637934045851426688,3385.201184
1133778.3983967,637934045852537216,3385.312096
1133778.5243934,637934045853796736,3385.438176
1133778.6213999,637934045854767232,3385.534944
1133778.7554511,637934045856108672,3385.668512
1133778.9894216,637934045858447872,3385.902944
1133779.1283416,637934045859837312,3386.041472
1133779.3105893,637934045861660032,3386.224192
1133779.3913814,637934045862467840,3386.304576
1133779.6144187,637934045864698880,3386.528192
1133779.7644725,637934045866199168,3386.67776
1133779.88933925,637934045867448320,3386.803008
1133780.01928455,637934045868747648,3386.932544
1133780.12528295,637934045869807872,3387.038624
1133780.22743585,637934045870829952,3387.140768
1133780.35243245,637934045872080256,3387.265824
1133780.44757585,637934045873031936,3387.361216
1133780.58238045,637934045874379520,3387.495616
1133780.71136565,637934045875669504,3387.624544
1133780.86132985,637934045877169408,3387.774688
1133780.96938565,637934045878250112,3387.882624
1133781.10431805,637934045879599360,3388.018112
1133781.21732585,637934045880729472,3388.131104
1133781.38329425,637934045882389376,3388.29728
1133781.49729075,637934045883529472,3388.410944
1133781.67326895,637934045885289984,3388.58656
1133781.80123075,637934045886569344,3388.715392
1133781.92138805,637934045887772160,3388.835104
1133782.05439405,637934045889101568,3388.967776
1133782.16738945,637934045890231808,3389.080576
1133782.27434935,637934045891301760,3389.187808
1133782.43231835,637934045892880896,3389.345792
1133782.57442405,637934045894302336,3389.488352
1133782.72730525,637934045895831680,3389.640768
1133782.84935775,637934045897052288,3389.762592
1133782.97940935,637934045898353792,3389.893152
1133783.09725285,637934045899531520,3390.01088
1133783.25128895,637934045901071616,3390.164512
1133783.39134015,637934045902473088,3390.305312
1133783.56028465,637934045904162304,3390.474336
1133783.71022865,637934045905661952,3390.624096
1133783.89328845,637934045907493120,3390.807104
1133783.98631695,637934045908423168,3390.900096
1133784.13628075,637934045909922944,3391.049472
1133784.25927215,637934045911153024,3391.172896
1133784.34043135,637934045911964544,3391.2544
1133784.46678205,637934045913228032,3391.378464
1133785.12215365,637934045919782656,3392.035584
1133785.23940865,637934045920956160,3392.152704
1133785.34033035,637934045921965056,3392.253984
1133785.45222025,637934045923084288,3392.365536
1133785.53430775,637934045923905280,3392.448
1133785.65225995,637934045925084672,3392.565792
1133785.87527675,637934045927315584,3392.788704
1133786.01713885,637934045928733696,3392.930496
1133786.43819725,637934045932944768,3393.352384
1133786.59116585,637934045934474624,3393.50496
1133786.72410775,637934045935804160,3393.63792
1133786.83326115,637934045936896384,3393.746624
1133786.95810595,637934045938144512,3393.871712
1133787.07314975,637934045939294976,3393.987328
1133787.17216845,637934045940285440,3394.086208
1133787.29220525,637934045941485952,3394.20624
1133787.55711765,637934045944135552,3394.471328
1133787.66212645,637934045945185408,3394.575776
1133788.01124545,637934045948677376,3394.925088
1133788.11423275,637934045949707520,3395.027584
1133788.47613295,637934045953326720,3395.389472
1133788.61706885,637934045954736000,3395.53072
1133788.70917155,637934045955657344,3395.62336
1133788.84723455,637934045957038976,3395.760896
1133789.00717645,637934045958638208,3395.921408
1133789.09526105,637934045959519232,3396.009344
1133789.31616665,637934045961728128,3396.229664
1133789.44324595,637934045962999808,3396.357024
1133789.62016385,637934045964768512,3396.534176
1133789.73108155,637934045965877632,3396.644448
1133789.97710875,637934045968338944,3396.890592
1133790.11017435,637934045969669248,3397.023712
1133790.47511275,637934045973319040,3397.388768
1133790.59320485,637934045974500992,3397.506816
1133791.05910205,637934045979159424,3397.972608
1133791.18413725,637934045980410240,3398.09792
1133791.26309745,637934045981199744,3398.177056
1133791.38314865,637934045982400384,3398.29728
1133791.45813555,637934045983150208,3398.371968
1133791.55915575,637934045984160640,3398.47248
1133791.92015535,637934045987771392,3398.83392
1133792.04101035,637934045988979968,3398.954528
1133792.66108525,637934045995181312,3399.575072
1133792.78298625,637934045996400768,3399.69696
1133792.88419755,637934045997413632,3399.798368
1133793.00098315,637934045998580736,3399.91456
1133793.07399435,637934045999310848,3399.987616
1133793.18713045,637934046000442624,3400.100768
1133793.59306445,637934046004502272,3400.50736
1133793.71295655,637934046005701376,3400.626624
1133793.80199745,637934046006592000,3400.715936
1133793.90694675,637934046007641856,3400.820448
1133793.98100975,637934046008382464,3400.895328
1133794.08997045,637934046009472256,3401.004288
1133794.43798165,637934046012952960,3401.35168
1133794.54295865,637934046014002304,3401.45696
1133794.85501585,637934046017123712,3401.768512
1133794.99811345,637934046018554752,3401.911808
1133795.10506255,637934046019624064,3402.01936
1133795.19804635,637934046020554368,3402.111712
1133795.27788075,637934046021353216,3402.19152
1133795.39905365,637934046022564736,3402.313312
1133795.67998125,637934046025374080,3402.59376
1133795.82490425,637934046026823296,3402.739168
1133795.91492445,637934046027723776,3402.828896
1133796.00695755,637934046028644480,3402.920512
